Timestamp,Build Up,Trend,Time,Vega,Theta,Gamma,Delta,IV Chg%,IV Chg,IV,OI Chg%,OI Chg,OI,Volume Chg %,Volume Chg,Volume,Int Val,Ext Val,OH/OL,LTP Chg %,LTP Chg,LTP,VWAP,Bid,Ask,Strike Price,PE-CE OI,PE-CE OI Chg,Bid,Ask,VWAP,LTP,LTP Chg,LTP Chg %,OH/OL,Int Val,Ext Val,Volume,Volume Chg,Volume Chg %,OI,OI Chg,OI Chg%,IV,IV Chg,IV Chg%,Delta,Gamma,Theta,Vega,PCR-OI,PCR-OI Chg,PCR-Vol,Time,Trend,Build Up
09:16,LB,Bullish,05-Jun-2025 09:15:59,2.0737,-22.0910,0.0023,0.7535,46.66,6.78,21.31,1.14,"31,050","27,48,600",-99.45,"-15,92,69,100","8,73,075",95.43,20.57,-,7.91,8.50,116.00,117.90,116.05,116.45,24550,1850550,205425,21.60,21.70,22.24,21.65,-28.30,-56.66,-,-,21.65,"34,32,525","-20,48,04,900",-98.35,"45,99,150","2,36,475",5.42,21.82,7.08,48.03,-0.2516,0.0022,-22.8766,2.0965,1.67,7.62,3.93,05-Jun-2025 09:15:59,Bullish,SB
09:16,SB,Bearish,05-Jun-2025 09:15:59,2.4800,-25.8390,0.0028,0.6311,40.43,6.00,20.84,0.71,"74,250","1,04,73,225",-99.16,"-38,11,55,925","32,46,600",45.43,34.87,-,-0.37,-0.30,80.30,82.10,79.85,80.00,24600,-466350,306525,34.90,35.05,36.56,34.95,-37.05,-51.46,-,-,34.95,"52,95,075","-33,01,70,325",-98.42,"1,00,06,875","3,80,775",3.96,20.87,6.03,40.63,-0.3691,0.0027,-25.8834,2.4804,0.96,5.13,1.63,05-Jun-2025 09:15:59,Bullish,SB
09:16,SB,Bearish,05-Jun-2025 09:15:59,2.6216,-27.1619,0.0029,0.4877,30.64,4.86,20.72,5.99,"2,79,225","49,40,925",-97.35,"-16,73,60,775","45,58,275",-,52.10,-,-16.71,-10.45,52.10,56.16,52.10,52.35,24650,-2459925,216225,55.05,55.15,61.01,55.00,-49.60,-47.42,-,4.57,50.43,"43,61,100","-9,58,02,450",-95.65,"24,81,000","4,95,450",24.95,20.08,4.09,25.58,-0.5127,0.0030,-26.3259,2.6215,0.50,1.77,0.96,05-Jun-2025 09:15:59,Bullish,SB
09:16,SB,Bearish,05-Jun-2025 09:15:59,2.4690,-29.1756,0.0024,0.3640,39.66,6.71,23.63,6.86,"6,13,350","95,49,000",-96.82,"-19,84,80,675","65,09,550",-,38.55,-,-21.25,-10.40,38.55,40.58,38.50,38.60,24700,-5045775,-176100,93.00,93.25,96.36,93.30,-46.70,-33.36,-,54.57,38.73,"25,53,750","-7,29,52,200",-96.62,"45,03,225","4,37,250",10.75,23.71,6.86,40.71,-0.6355,0.0024,-29.2766,2.4700,0.47,0.71,0.39,05-Jun-2025 09:15:59,Bullish,SB
09:16,SB,Bearish,05-Jun-2025 09:15:59,2.1668,-27.6669,0.0020,0.2683,44.05,7.81,25.54,3.94,"1,59,675","42,09,375",-96.37,"-9,21,42,825","34,69,725",-,27.40,-,-27.03,-10.15,27.40,29.71,27.25,27.40,24750,-2952675,-72975,132.60,133.00,135.74,132.90,-47.30,-26.25,-,104.57,28.33,"7,06,950","-1,60,41,525",-95.78,"12,56,700","86,700",7.41,25.97,7.95,44.12,-0.7283,0.0019,-28.3086,2.1805,0.30,0.54,0.20,05-Jun-2025 09:15:59,Bullish,SB
09:46,SC,Bullish,05-Jun-2025 09:45:59,2.0313,-22.5572,0.0023,0.7453,40.04,6.35,22.21,-12.30,"-5,73,525","40,88,175",-42.62,"-7,32,78,750","9,86,40,300",92.20,21.55,-,81.85,51.20,113.75,70.13,113.70,113.90,24650,9844725,12520875,21.85,21.95,45.06,22.00,-82.60,-78.97,-,-,22.00,"9,11,71,725","-89,91,825",-8.98,"1,39,32,900","1,19,47,350",601.71,22.43,6.44,40.28,-0.2567,0.0023,-22.8784,2.0398,3.41,-20.83,0.92,05-Jun-2025 09:45:59,Bullish,SB
09:46,LB,Bullish,05-Jun-2025 09:45:59,2.4090,-26.4016,0.0027,0.6207,29.55,5.00,21.92,33.88,"30,27,450","1,19,63,100",-29.05,"-5,95,39,500","14,54,50,725",42.20,36.75,-,61.29,30.00,78.95,58.69,78.80,78.95,24700,7214625,12084300,36.60,36.75,61.20,36.75,-103.25,-73.75,-,-,36.75,"9,46,24,725","1,91,18,775",25.32,"1,91,77,725","1,51,11,750",371.66,21.92,5.07,30.09,-0.3793,0.0027,-26.4016,2.4090,1.60,4.99,0.65,05-Jun-2025 09:45:59,Bullish,SB
09:46,LB,Bullish,05-Jun-2025 09:45:59,2.5219,-28.3647,0.0028,0.4793,26.85,4.76,22.49,132.57,"53,68,650","94,18,350",5.15,"49,24,950","10,05,37,500",-,53.00,-,41.15,15.45,53.00,45.55,52.95,53.10,24750,-1358700,1521000,58.75,58.85,83.14,58.90,-121.30,-67.31,-,7.80,51.10,"3,99,38,025","2,31,89,550",138.46,"80,59,650","68,89,650",588.86,21.74,3.72,20.64,-0.5215,0.0029,-27.4118,2.5216,0.86,1.28,0.40,05-Jun-2025 09:45:59,Bullish,SB
09:46,LB,Bullish,05-Jun-2025 09:45:59,2.3360,-26.7822,0.0025,0.3465,23.95,4.43,22.93,52.44,"48,70,275","1,41,57,300",-29.2,"-4,62,06,375","11,20,38,450",-,33.60,-,16.87,4.85,33.60,31.11,33.50,33.60,24800,-7956375,-694650,91.95,92.15,121.26,91.85,-128.20,-58.26,-,57.80,34.05,"2,47,32,750","17,56,350",7.64,"62,00,925","41,75,625",206.17,23.12,4.65,25.18,-0.6523,0.0025,-27.0425,2.3391,0.44,0.86,0.22,05-Jun-2025 09:45:59,Bullish,SB
09:46,LB,Bullish,05-Jun-2025 09:45:59,1.9858,-24.2269,0.0020,0.2441,27.82,5.31,24.40,87.47,"29,17,125","62,52,000",-11.92,"-86,88,975","6,41,84,400",-,22.25,-,3.49,0.75,22.25,21.28,22.10,22.20,24850,-4743225,-2017500,128.15,128.40,159.13,128.00,-137.45,-51.78,-,107.80,20.20,"52,40,700","24,90,600",90.56,"15,08,775","8,99,625",147.69,23.36,3.49,17.56,-0.7656,0.0021,-22.6826,1.9423,0.24,0.31,0.08,05-Jun-2025 09:45:59,Bullish,SB
10:16,SC,Bullish,05-Jun-2025 10:15:59,1.4535,-14.6399,0.0020,0.8428,35.71,5.30,20.14,-45.51,"-47,32,350","56,66,625",-75.23,"-28,91,72,475","9,52,30,050",121.85,10.05,-,63.65,51.30,131.90,107.32,131.50,131.80,24600,18017475,18790350,10.15,10.20,23.05,10.20,-61.80,-85.83,-,-,10.20,"18,89,11,800","-14,65,53,600",-43.69,"2,36,84,100","1,40,58,000",146.04,20.25,5.41,36.46,-0.1584,0.0020,-14.7900,1.4609,4.18,-2.97,1.98,05-Jun-2025 10:15:59,Bullish,SB
10:16,SC,Bullish,05-Jun-2025 10:15:59,1.9228,-17.0790,0.0030,0.7494,11.98,1.90,17.76,-11.97,"-5,57,775","41,03,925",-32.56,"-5,59,72,650","11,59,46,400",71.85,16.10,-,40.61,25.40,87.95,75.51,88.00,88.20,24650,11445600,14121750,16.35,16.40,34.61,16.35,-88.25,-84.37,-,-,16.35,"14,61,61,275","4,59,97,725",45.92,"1,55,49,525","1,35,63,975",683.13,17.89,1.90,11.88,-0.2522,0.0030,-17.2598,1.9291,3.79,-24.32,1.26,05-Jun-2025 10:15:59,Bullish,SB
10:16,LB,Bullish,05-Jun-2025 10:15:59,2.3526,-19.4411,0.0039,0.5874,-2.30,-0.39,16.53,64.76,"57,87,000","1,47,22,650",-0.04,"-77,325","20,49,12,900",21.85,29.85,-,5.62,2.75,51.70,61.43,51.60,51.70,24700,8969100,13838775,29.75,29.85,44.91,29.80,-110.20,-78.71,-,-,29.80,"19,52,37,750","11,97,31,800",158.57,"2,36,91,750","1,96,25,775",482.68,16.51,-0.34,-2.02,-0.4125,0.0039,-19.4149,2.3524,1.61,3.39,0.95,05-Jun-2025 10:15:59,Bullish,SB
10:16,SB,Bearish,05-Jun-2025 10:15:59,2.3121,-18.5017,0.0040,0.3863,-9.76,-1.73,16.00,274.78,"1,11,27,825","1,51,77,525",91.81,"8,77,80,300","18,33,92,850",-,26.15,-,-30.36,-11.40,26.15,42.95,26.10,26.15,24750,-3271125,-391425,54.85,54.95,62.61,54.90,-125.30,-69.53,-,28.15,26.75,"11,17,35,825","9,49,87,350",567.14,"1,19,06,400","1,07,36,400",917.64,16.26,-1.76,-9.77,-0.6119,0.0039,-18.8267,2.3152,0.78,0.96,0.61,05-Jun-2025 10:15:59,Bullish,SB
10:16,SB,Bearish,05-Jun-2025 10:15:59,1.8706,-16.9043,0.0028,0.2382,-2.32,-0.43,18.07,111.86,"1,03,88,250","1,96,75,275",28.58,"4,52,20,725","20,34,65,550",-,15.25,-,-46.96,-13.50,15.25,28.35,15.25,15.35,24800,-12814350,-5552625,93.70,93.90,100.16,94.05,-126.00,-57.26,-,78.15,15.90,"6,09,38,175","3,79,61,775",165.22,"68,60,925","48,35,625",238.76,18.42,-0.05,-0.27,-0.7577,0.0028,-17.3921,1.8885,0.35,0.47,0.30,05-Jun-2025 10:15:59,Bullish,SB
10:46,SC,Bullish,05-Jun-2025 10:45:59,1.3445,-12.4631,0.0022,0.8491,24.93,3.70,18.54,-40.61,"-42,22,725","61,76,250",-71.64,"-27,53,86,500","10,90,16,025",109.50,8.35,-,46.22,37.25,117.85,109.12,117.60,117.85,24600,18372600,19145475,8.25,8.30,19.84,8.25,-63.75,-88.54,-,-,8.25,"24,38,01,525","-9,16,63,875",-27.32,"2,45,48,850","1,49,22,750",155.02,18.47,3.63,24.46,-0.1499,0.0022,-12.3598,1.3387,3.97,-3.53,2.24,05-Jun-2025 10:45:59,Bullish,SB
10:46,LB,Bullish,05-Jun-2025 10:45:59,1.8938,-15.9564,0.0034,0.7315,6.24,0.99,16.85,22.91,"10,68,000","57,29,700",-20.24,"-3,48,00,225","13,71,18,825",59.50,15.90,-,20.54,12.85,75.40,75.89,75.40,75.55,24650,11292450,13968600,15.90,15.95,29.69,15.95,-88.65,-84.75,-,-,15.95,"19,73,52,075","9,71,88,525",97.03,"1,70,22,150","1,50,36,600",757.30,16.88,0.89,5.57,-0.2688,0.0034,-15.9908,1.8949,2.97,14.08,1.44,05-Jun-2025 10:45:59,Bullish,SB
10:46,SB,Bearish,05-Jun-2025 10:45:59,2.2798,-19.0123,0.0041,0.5403,-1.42,-0.24,16.68,111.09,"99,26,775","1,88,62,425",35.42,"7,26,00,225","27,75,90,450",9.50,33.65,-,-11.85,-5.80,43.15,56.88,43.05,43.15,24700,3165000,8034675,33.55,33.65,40.78,33.55,-106.45,-76.04,-,-,33.55,"28,61,98,575","21,06,92,625",279.04,"2,20,27,425","1,79,61,450",441.75,16.64,-0.21,-1.25,-0.4596,0.0042,-18.9618,2.2797,1.17,1.81,1.03,05-Jun-2025 10:45:59,Bullish,SB
10:46,SB,Bearish,05-Jun-2025 10:45:59,2.1213,-18.9147,0.0036,0.3472,0.56,0.10,17.83,348.46,"1,41,11,475","1,81,61,175",180.32,"17,24,08,125","26,80,20,675",-,23.80,-,-36.62,-13.75,23.80,36.64,23.85,23.90,24750,-8564775,-5685075,64.40,64.55,62.03,64.70,-115.50,-64.1,-,40.50,24.20,"15,80,07,750","14,12,59,275",843.42,"95,96,400","84,26,400",720.21,18.02,0.00,0.00,-0.6513,0.0036,-19.1455,2.1247,0.53,0.60,0.59,05-Jun-2025 10:45:59,Bullish,SB
10:46,SB,Bearish,05-Jun-2025 10:45:59,1.6997,-17.2375,0.0025,0.2198,9.62,1.78,20.28,142.39,"1,32,23,475","2,25,10,500",70.25,"11,11,67,775","26,94,12,600",-,14.65,-,-49.04,-14.10,14.65,24.73,14.60,14.70,24800,-16964625,-9702900,105.20,105.40,100.40,105.40,-114.65,-52.1,-,90.50,14.90,"8,27,74,875","5,97,98,475",260.26,"55,45,875","35,20,575",173.83,20.43,1.96,10.61,-0.7786,0.0025,-17.4371,1.7070,0.25,0.27,0.31,05-Jun-2025 10:45:59,Bullish,SB
11:16,SC,Bullish,05-Jun-2025 11:15:59,1.4177,-14.4494,0.0024,0.8214,37.33,5.54,20.38,-35.88,"-37,30,875","66,68,100",-66.57,"-25,59,09,525","12,84,93,000",101.48,10.72,-,39.21,31.60,112.20,108.41,112.20,112.45,24600,14526750,15299625,10.55,10.60,17.93,10.55,-61.45,-85.35,-,-,10.55,"32,38,49,475","-1,16,15,925",-3.46,"2,11,94,850","1,15,68,750",120.18,20.26,5.42,36.52,-0.1771,0.0024,-14.2923,1.4106,3.18,-3.10,2.52,05-Jun-2025 11:15:59,Bullish,SB
11:16,LB,Bullish,05-Jun-2025 11:15:59,1.9066,-17.9709,0.0034,0.6934,18.85,2.99,18.85,23.47,"10,93,875","57,55,575",-2.56,"-44,08,200","16,75,10,850",51.48,20.12,-,14.47,9.05,71.60,74.04,71.60,71.75,24650,7742400,10418550,19.95,20.05,27.77,19.90,-84.70,-80.98,-,-,19.90,"28,14,12,750","18,12,49,200",180.95,"1,34,97,975","1,15,12,425",579.81,18.74,2.75,17.20,-0.3055,0.0034,-17.8328,1.9036,2.35,10.52,1.68,05-Jun-2025 11:15:59,Bullish,SB
11:16,SB,Bearish,05-Jun-2025 11:15:59,2.1661,-20.5507,0.0039,0.5066,12.12,2.05,18.97,125.19,"1,11,86,775","2,01,22,425",82.35,"16,88,05,500","37,37,95,725",1.48,40.37,-,-14.5,-7.10,41.85,52.14,41.80,41.85,24700,-3558600,1311075,40.30,40.40,41.98,40.30,-99.70,-71.21,-,-,40.30,"39,07,57,050","31,52,51,100",417.52,"1,65,63,825","1,24,97,850",307.38,18.94,2.09,12.40,-0.4934,0.0039,-20.5157,2.1661,0.82,1.12,1.05,05-Jun-2025 11:15:59,Bullish,SB
11:16,SB,Bearish,05-Jun-2025 11:15:59,1.9852,-21.0785,0.0032,0.3380,19.80,3.51,21.24,303.19,"1,22,78,400","1,63,28,100",265.88,"25,42,14,975","34,98,27,525",-,25.80,-,-31.29,-11.75,25.80,33.50,25.80,25.90,24750,-10074075,-7194375,73.85,74.05,65.31,74.00,-106.20,-58.93,-,48.52,25.48,"19,46,64,525","17,79,16,050",,"62,54,025","50,84,025",434.53,21.07,3.05,16.93,-0.6632,0.0032,-20.8900,1.9825,0.38,0.41,0.56,05-Jun-2025 11:15:59,Bullish,SB
11:16,SB,Bearish,05-Jun-2025 11:15:59,1.6210,-19.2044,0.0023,0.2232,28.05,5.19,23.69,132.57,"1,23,12,150","2,15,99,175",111.95,"17,71,62,900","33,54,07,725",-,16.50,-,-42.61,-12.25,16.50,22.78,16.45,16.50,24800,-17049900,-9788175,114.75,114.95,103.96,114.65,-105.40,-47.9,-,98.52,16.13,"9,93,57,825","7,63,81,425",332.43,"45,49,275","25,23,975",124.62,23.47,5.00,27.07,-0.7791,0.0023,-18.9103,1.6118,0.21,0.20,0.30,05-Jun-2025 11:15:59,Bullish,SB
11:46,SC,Bullish,05-Jun-2025 11:45:59,1.0625,-10.3391,0.0021,0.8729,31.13,4.62,19.46,-46.75,"-48,61,725","55,37,250",-62.21,"-23,91,33,450","14,52,69,075",112.75,6.30,-,47.7,38.45,119.05,111.30,118.70,119.00,24600,16807575,17580450,6.50,6.55,16.58,6.55,-65.45,-90.9,-,-,6.55,"37,24,05,450","3,69,40,050",11.01,"2,23,44,825","1,27,18,725",132.13,19.69,4.85,32.68,-0.1299,0.0021,-10.6241,1.0789,4.04,-2.62,2.56,05-Jun-2025 11:45:59,Bullish,SB
11:46,SC,Bullish,05-Jun-2025 11:45:59,1.5991,-14.2124,0.0035,0.7564,12.11,1.92,17.78,-1.70,"-79,125","45,82,575",12.2,"2,09,73,750","19,28,92,800",62.75,13.10,-,21.26,13.30,75.85,76.18,75.85,76.00,24650,10572375,13248525,13.45,13.50,25.78,13.50,-91.10,-87.09,-,-,13.50,"33,10,94,025","23,09,30,475",230.55,"1,51,54,950","1,31,69,400",663.26,18.03,2.04,12.76,-0.2466,0.0034,-14.5070,1.6096,3.31,-166.44,1.72,05-Jun-2025 11:45:59,Bullish,SB
11:46,SB,Bearish,05-Jun-2025 11:45:59,2.0155,-18.2373,0.0043,0.5557,6.97,1.18,18.10,81.91,"73,19,100","1,62,54,750",126.51,"25,93,34,175","46,43,24,400",12.75,30.80,-,-11.03,-5.40,43.55,53.09,43.55,43.65,24700,5319975,10189650,30.80,30.90,40.04,30.90,-109.10,-77.93,-,-,30.90,"47,12,83,125","39,57,77,175",524.17,"2,15,74,725","1,75,08,750",430.62,18.15,1.30,7.72,-0.4445,0.0043,-18.2882,2.0156,1.33,2.39,1.01,05-Jun-2025 11:45:59,Bullish,SB
11:46,SB,Bearish,05-Jun-2025 11:45:59,1.9072,-19.1746,0.0036,0.3591,13.42,2.38,20.11,261.79,"1,06,01,550","1,46,51,250",370.07,"35,38,37,400","44,94,49,950",-,25.00,-,-33.42,-12.55,25.00,33.99,24.90,25.00,24750,-5622225,-2742525,62.10,62.25,64.24,62.05,-118.15,-65.57,-,37.25,24.80,"23,13,03,300","21,45,54,825",,"90,29,025","78,59,025",671.71,20.00,1.98,10.99,-0.6416,0.0037,-19.0614,1.9059,0.62,0.74,0.51,05-Jun-2025 11:45:59,Bullish,SB
11:46,SB,Bearish,05-Jun-2025 11:45:59,1.5339,-17.3524,0.0026,0.2260,22.32,4.13,22.63,116.68,"1,08,36,075","2,01,23,100",170.62,"26,99,90,700","42,82,35,525",-,15.05,-,-47.65,-13.70,15.05,22.93,15.00,15.05,24800,-14683875,-7422150,102.40,102.60,102.78,102.55,-117.50,-53.4,-,87.25,15.30,"11,64,96,300","9,35,19,900",407.03,"54,39,225","34,13,925",168.56,22.79,4.32,23.39,-0.7724,0.0026,-17.5481,1.5401,0.27,0.32,0.27,05-Jun-2025 11:45:59,Bullish,SB
12:16,LB,Bullish,05-Jun-2025 12:15:59,1.6787,-32.3569,0.0019,0.6936,108.38,20.05,38.55,9.10,"8,44,800","1,01,31,825",250.81,"39,68,89,950","55,51,34,775",92.43,36.27,-,347.65,99.95,128.70,30.68,128.40,128.70,24800,3481725,10743450,36.05,36.15,88.96,36.05,-184.00,-83.62,-,-,36.05,"17,71,98,000","15,42,21,600",671.22,"1,36,13,550","1,15,88,250",572.17,38.42,19.95,108.01,-0.3058,0.0019,-32.2191,1.6773,1.34,13.72,0.32,05-Jun-2025 12:15:59,Bullish,SB
12:16,LB,Bullish,05-Jun-2025 12:15:59,1.8557,-35.5218,0.0021,0.5931,100.52,19.19,38.28,107.11,"35,72,025","69,06,900",348.11,"25,36,79,250","32,65,52,625",42.43,53.72,-,347.21,74.65,96.15,23.34,96.30,96.45,24850,-905700,1820025,55.55,55.70,114.57,55.55,-209.90,-79.07,-,-,55.55,"5,16,33,000","4,88,82,900",,"60,01,200","53,92,050",885.18,39.27,19.40,97.63,-0.4091,0.0021,-36.4847,1.8583,0.87,1.51,0.16,05-Jun-2025 12:15:59,Bullish,SB
12:16,LB,Bullish,05-Jun-2025 12:15:59,1.9066,-36.7053,0.0022,0.4851,94.94,18.75,38.50,41.69,"26,45,250","89,90,700",231.16,"25,44,18,975","36,44,80,050",-,69.75,-,329.23,53.50,69.75,16.69,69.70,69.85,24900,-4917000,514875,77.30,77.35,155.36,77.30,-230.30,-74.87,-,7.57,69.73,"3,55,69,200","3,05,44,500",607.89,"40,73,700","31,60,125",345.91,38.49,18.76,95.08,-0.5149,0.0022,-36.6953,1.9066,0.45,1.19,0.10,05-Jun-2025 12:15:59,Bullish,SB
12:16,LB,Bullish,05-Jun-2025 12:15:59,1.8156,-34.2431,0.0021,0.3763,84.45,17.27,37.72,74.05,"21,16,875","49,75,575",259.99,"16,58,19,525","22,95,98,250",-,46.90,-,278.23,34.50,46.90,10.75,46.90,47.10,24950,-4198500,-1476825,108.45,108.75,191.89,108.60,-244.60,-69.25,-,57.57,51.03,"72,27,000","66,99,525",,"7,77,075","6,40,050",467.10,39.99,19.81,98.17,-0.6167,0.0020,-36.5060,1.8258,0.16,0.30,0.03,05-Jun-2025 12:15:59,Bullish,SB
12:16,LB,Bullish,05-Jun-2025 12:15:59,1.6029,-30.2842,0.0019,0.2775,79.18,16.70,37.79,7.47,"10,35,150","1,48,89,075",134.71,"23,27,80,875","40,55,86,200",-,30.85,-,228.19,21.45,30.85,7.53,30.75,30.85,25000,-12715725,206700,142.70,143.05,250.07,142.70,-256.90,-64.29,-,107.57,35.13,"1,39,63,725","94,61,925",210.18,"21,73,350","12,41,850",133.32,40.43,20.01,97.99,-0.7093,0.0018,-33.1297,1.6391,0.15,1.20,0.03,05-Jun-2025 12:15:59,Bullish,SB
12:46,SC,Bullish,05-Jun-2025 12:45:59,1.2268,-19.0170,0.0021,0.8001,83.22,14.08,31.00,-27.61,"-24,67,350","64,68,300",179.21,"36,73,68,900","57,23,59,125",113.80,15.20,-,163.53,80.05,129.00,61.58,128.85,129.00,24700,12379275,17248950,15.10,15.15,34.24,15.20,-124.80,-89.14,-,-,15.20,"68,15,55,000","60,60,49,050",802.65,"1,88,47,575","1,47,81,600",363.54,31.00,14.15,83.98,-0.1999,0.0021,-19.0170,1.2268,2.91,-5.99,1.19,05-Jun-2025 12:45:59,Bullish,SB
12:46,LB,Bullish,05-Jun-2025 12:45:59,1.5636,-24.2286,0.0026,0.6819,74.79,13.26,30.99,5.18,"2,09,925","42,59,625",497.39,"47,55,69,525","57,11,82,075",63.80,28.10,-,144.74,54.35,91.90,42.01,91.65,91.90,24750,7113375,9993075,29.70,29.80,53.10,29.70,-150.50,-83.52,-,-,29.70,"37,99,67,250","36,32,18,775",,"1,13,73,000","1,02,03,000",872.05,32.01,13.99,77.64,-0.3234,0.0026,-25.1999,1.5745,2.67,48.60,0.67,05-Jun-2025 12:45:59,Bullish,SB
12:46,LB,Bullish,05-Jun-2025 12:45:59,1.7405,-29.1414,0.0027,0.5386,81.03,14.99,33.49,30.92,"28,71,675","1,21,58,700",300.7,"47,58,41,100","63,40,85,925",13.80,51.90,-,128.52,36.95,65.70,36.35,65.50,65.70,24800,2219925,9481650,51.30,51.45,73.30,51.30,-168.75,-76.69,-,-,51.30,"27,95,62,725","25,65,86,325",,"1,43,78,625","1,23,53,325",609.95,33.14,14.67,79.43,-0.4610,0.0027,-28.8387,1.7403,1.18,4.30,0.44,05-Jun-2025 12:45:59,Bullish,SB
12:46,LB,Bullish,05-Jun-2025 12:45:59,1.7036,-30.2891,0.0025,0.4095,86.28,16.47,35.56,216.88,"72,32,700","1,05,67,575",462.7,"33,71,86,575","41,00,59,950",-,45.80,-,113.02,24.30,45.80,29.86,45.60,45.75,24850,-5400600,-2674875,80.70,80.90,91.00,80.70,-184.75,-69.6,-,36.20,44.50,"10,91,42,250","10,63,92,150",,"51,66,975","45,57,825",748.23,34.80,14.93,75.14,-0.5925,0.0025,-29.6034,1.7015,0.49,0.63,0.27,05-Jun-2025 12:45:59,Bullish,SB
12:46,LB,Bullish,05-Jun-2025 12:45:59,1.5205,-28.0372,0.0021,0.2984,86.73,17.13,36.88,112.05,"71,09,850","1,34,55,300",333.47,"36,70,19,625","47,70,80,700",-,30.45,-,87.38,14.20,30.45,22.04,30.50,30.55,24900,-9956475,-4524600,115.95,116.25,125.21,115.90,-191.70,-62.32,-,86.20,29.70,"7,47,06,375","6,96,81,675",,"34,98,825","25,85,250",282.98,36.39,16.66,84.44,-0.7041,0.0022,-27.5546,1.5146,0.26,0.36,0.16,05-Jun-2025 12:45:59,Bullish,SB
13:16,SC,Bullish,05-Jun-2025 13:15:59,0.9036,-12.4936,0.0021,0.8545,74.34,11.79,27.65,-53.90,"-25,12,875","21,48,825",33.31,"5,72,72,625","22,91,91,675",114.95,8.20,-,96.88,60.60,123.15,85.22,123.15,123.45,24650,10110000,12786150,6.15,6.20,19.92,6.20,-98.40,-94.07,-,-,6.20,"52,05,38,550","42,03,75,000",419.69,"1,22,58,825","1,02,73,275",517.40,25.32,9.33,58.35,-0.1246,0.0021,-10.2834,0.8121,5.70,-4.09,2.27,05-Jun-2025 13:15:59,Bullish,SB
13:16,SC,Bullish,05-Jun-2025 13:15:59,1.2864,-16.6132,0.0032,0.7385,52.66,8.91,25.83,-21.98,"-19,63,800","69,71,850",190.33,"39,01,57,275","59,51,47,500",64.95,16.20,-,65.78,32.20,81.15,63.24,80.95,81.20,24700,12863325,17733000,16.10,16.15,32.07,16.10,-123.90,-88.5,-,-,16.10,"76,78,18,425","69,23,12,475",916.90,"1,98,35,175","1,57,69,200",387.83,25.75,8.90,52.82,-0.2609,0.0032,-16.5428,1.2849,2.85,-8.03,1.29,05-Jun-2025 13:15:59,Bullish,SB
13:16,LB,Bullish,05-Jun-2025 13:15:59,1.5630,-21.9370,0.0036,0.5545,58.32,10.34,28.07,38.63,"15,64,500","56,14,200",532.77,"50,93,92,275","60,50,04,825",14.95,37.20,-,38.88,14.60,52.15,43.58,52.00,52.15,24750,6251325,9131025,34.80,34.90,49.16,34.85,-145.35,-80.66,-,-,34.85,"46,20,14,775","44,52,66,300",,"1,18,65,525","1,06,95,525",914.15,26.57,8.55,47.45,-0.4426,0.0038,-20.7394,1.5613,2.11,6.84,0.76,05-Jun-2025 13:15:59,Bullish,SB
13:16,LB,Bullish,05-Jun-2025 13:15:59,1.5126,-22.8958,0.0032,0.3859,63.62,11.77,30.27,77.66,"72,12,675","1,64,99,700",362.42,"57,35,08,500","73,17,53,325",-,32.30,-,12.35,3.55,32.30,37.84,32.30,32.40,24800,-2564625,4697100,64.90,65.05,69.22,64.90,-155.15,-70.51,-,35.05,29.85,"36,51,68,850","34,21,92,450",,"1,39,35,075","1,19,09,775",588.05,28.65,10.18,55.12,-0.6205,0.0034,-21.5600,1.5051,0.84,1.65,0.50,05-Jun-2025 13:15:59,Bullish,SB
13:16,SB,Bearish,05-Jun-2025 13:15:59,1.2691,-20.5720,0.0025,0.2547,69.83,13.33,32.42,260.78,"86,96,775","1,20,31,650",564.81,"41,15,99,325","48,44,72,700",-,19.55,-,-9.07,-1.95,19.55,30.19,19.55,19.65,24850,-7799025,-5073300,103.95,104.20,90.54,104.15,-161.30,-60.76,-,85.05,19.10,"13,66,70,025","13,39,19,925",,"42,32,625","36,23,475",594.84,32.06,12.19,61.35,-0.7476,0.0025,-20.2472,1.2629,0.35,0.42,0.28,05-Jun-2025 13:15:59,Bullish,SB
13:46,SC,Bullish,05-Jun-2025 13:45:59,0.6985,-10.4037,0.0019,0.8793,100.74,14.95,29.79,-64.09,"-66,64,350","37,34,625",-50.31,"-19,33,87,200","19,10,15,325",120.88,6.17,-,57.63,46.45,127.05,126.75,126.70,127.05,24600,13080600,13853475,4.75,4.80,11.90,4.80,-67.20,-93.33,-,-,4.80,"65,21,60,850","31,66,95,450",94.40,"1,68,15,225","71,89,125",74.68,27.73,12.89,86.86,-0.1041,0.0019,-8.7132,0.6285,4.50,-1.08,3.41,05-Jun-2025 13:45:59,Bullish,SB
13:46,SC,Bullish,05-Jun-2025 13:45:59,1.0421,-14.0918,0.0032,0.7753,70.55,11.19,27.05,-42.10,"-19,62,525","26,99,175",43.67,"7,50,75,525","24,69,94,575",70.88,12.22,-,32.85,20.55,83.10,85.94,82.95,83.15,24650,7484625,10160775,12.20,12.30,18.66,12.30,-92.30,-88.24,-,-,12.30,"63,08,75,325","53,07,11,775",529.85,"1,01,83,800","81,98,250",412.90,27.12,11.13,69.61,-0.2253,0.0032,-14.1545,1.0438,3.77,-4.18,2.55,05-Jun-2025 13:45:59,Bullish,SB
13:46,LB,Bullish,05-Jun-2025 13:45:59,1.3552,-18.9419,0.0040,0.5858,65.25,11.04,27.96,18.54,"16,56,375","1,05,92,025",224.25,"45,96,82,875","66,46,73,100",20.88,29.22,-,2.35,1.15,50.10,63.08,50.10,50.25,24700,4587075,9456750,29.25,29.35,31.11,29.35,-110.65,-79.04,-,-,29.35,"92,78,38,050","85,23,32,100",,"1,51,79,100","1,11,13,125",273.32,28.05,11.20,66.47,-0.4145,0.0040,-19.0099,1.3554,1.43,6.71,1.40,05-Jun-2025 13:45:59,Bullish,SB
13:46,SB,Bearish,05-Jun-2025 13:45:59,1.3385,-20.7296,0.0036,0.3944,74.73,13.25,30.98,172.48,"69,84,975","1,10,34,675",635.95,"60,80,52,525","70,36,65,075",-,30.00,-,-20.11,-7.55,30.00,42.91,30.00,30.05,24750,-2095425,784275,58.80,58.95,49.22,59.10,-121.10,-67.2,-,29.12,29.98,"55,99,67,100","54,32,18,625",,"89,39,250","77,69,250",664.04,30.96,12.94,71.81,-0.6057,0.0036,-20.7188,1.3384,0.81,1.11,0.80,05-Jun-2025 13:45:59,Bullish,SB
13:46,SB,Bearish,05-Jun-2025 13:45:59,1.1205,-19.3981,0.0027,0.2567,87.14,16.12,34.62,119.13,"1,10,63,325","2,03,50,350",445.73,"70,53,48,900","86,35,93,725",-,18.55,-,-35.48,-10.20,18.55,35.91,18.50,18.60,24800,-11420400,-4158675,97.65,97.90,71.08,97.60,-122.45,-55.65,-,79.12,18.48,"42,56,13,225","40,26,36,825",,"89,29,950","69,04,650",340.92,34.56,16.09,87.11,-0.7437,0.0027,-19.3480,1.1197,0.44,0.62,0.49,05-Jun-2025 13:45:59,Bullish,SB
14:16,SC,Bullish,05-Jun-2025 14:15:59,0.5773,-8.3829,0.0023,0.8826,95.69,14.20,29.04,-54.91,"-57,10,275","46,88,700",-45.61,"-17,53,24,950","20,90,77,575",100.80,4.90,-,31.14,25.10,105.70,125.66,105.35,105.60,24600,13309725,14082600,4.60,4.70,10.90,4.65,-67.35,-93.54,-,-,4.65,"76,20,35,625","42,65,70,225",127.16,"1,79,98,425","83,72,325",86.98,28.60,13.76,92.72,-0.1138,0.0023,-8.0793,0.5649,3.84,-1.47,3.64,05-Jun-2025 14:15:59,Bullish,SB
14:16,SC,Bullish,05-Jun-2025 14:15:59,0.9442,-12.5546,0.0041,0.7434,67.65,10.73,26.59,-6.75,"-3,14,550","43,47,150",61.56,"10,58,30,550","27,77,49,600",50.80,12.05,-,0.48,0.30,62.85,84.21,62.80,63.00,24650,7520400,10196550,11.50,11.60,17.56,11.60,-93.00,-88.91,-,-,11.60,"75,63,09,225","65,61,45,675",655.07,"1,18,67,550","98,82,000",497.70,26.11,10.12,63.29,-0.2527,0.0042,-12.2321,0.9368,2.73,-31.42,2.72,05-Jun-2025 14:15:59,Bullish,SB
14:16,SB,Bearish,05-Jun-2025 14:15:59,1.1694,-15.3483,0.0052,0.5048,55.14,9.33,26.25,123.54,"1,10,38,725","1,99,74,375",281.18,"57,63,89,850","78,13,80,075",0.80,30.30,-,-36.47,-17.85,31.10,59.46,31.00,31.10,24700,-2561550,2308125,30.20,30.30,30.86,30.20,-109.80,-78.43,-,-,30.20,"1,08,95,07,975","1,01,40,02,025",,"1,74,12,825","1,33,46,850",328.26,26.16,9.31,55.25,-0.4952,0.0052,-15.2983,1.1694,0.87,1.21,1.39,05-Jun-2025 14:15:59,Bullish,SB
14:16,SB,Bearish,05-Jun-2025 14:15:59,0.9897,-14.3151,0.0040,0.2817,63.17,11.20,28.93,357.51,"1,44,78,075","1,85,27,775",776.85,"74,27,65,425","83,83,77,975",-,14.80,-,-60.59,-22.75,14.80,39.76,14.75,14.80,24750,-10800000,-7920300,64.25,64.45,50.35,64.40,-115.80,-64.26,-,49.20,15.20,"62,35,96,125","60,68,47,650",,"77,27,775","65,57,775",560.49,29.33,11.31,62.76,-0.7156,0.0039,-14.5813,0.9942,0.42,0.45,0.74,05-Jun-2025 14:15:59,Bullish,SB
14:16,SB,Bearish,05-Jun-2025 14:15:59,0.7058,-11.8363,0.0024,0.1575,81.30,15.04,33.54,164.11,"1,52,41,125","2,45,28,150",525.59,"83,17,15,425","98,99,60,250",-,8.10,-,-71.83,-20.65,8.10,33.16,8.05,8.10,24800,-17239950,-9978225,107.40,107.60,72.90,107.65,-112.40,-51.08,-,99.20,8.45,"45,41,74,500","43,11,98,100",,"72,88,200","52,62,900",259.86,34.03,15.56,84.24,-0.8390,0.0024,-12.1861,0.7162,0.30,0.35,0.46,05-Jun-2025 14:15:59,Bullish,SB
14:46,SC,Bullish,05-Jun-2025 14:45:59,0.2968,-5.0905,0.0017,0.9322,116.27,18.44,34.30,-38.46,"-17,93,025","28,68,675",84.58,"14,54,03,850","31,73,22,900",115.63,2.32,-,88.57,55.40,117.95,83.87,117.90,118.25,24650,9176250,11852400,1.60,1.65,15.82,1.60,-103.00,-98.47,-,-,1.60,"90,37,90,050","80,36,26,500",802.31,"1,20,44,925","1,00,59,375",506.63,31.64,15.65,97.87,-0.0529,0.0015,-3.8652,0.2443,4.20,-5.61,2.85,05-Jun-2025 14:45:59,Bullish,SB
14:46,LB,Bullish,05-Jun-2025 14:45:59,0.5200,-7.1735,0.0037,0.8536,63.06,10.67,27.59,28.66,"25,61,325","1,14,96,975",366.8,"75,19,05,300","95,68,95,525",65.63,4.72,-,43.72,21.40,70.35,56.91,70.30,70.50,24700,11343225,16212900,4.75,4.80,28.89,4.80,-135.20,-96.57,-,-,4.80,"1,29,24,65,175","1,21,69,59,225",,"2,28,40,200","1,87,74,225",461.74,27.74,10.89,64.63,-0.1477,0.0037,-7.2574,0.5232,1.99,7.33,1.35,05-Jun-2025 14:45:59,Bullish,SB
14:46,SB,Bearish,05-Jun-2025 14:45:59,0.8789,-12.7587,0.0059,0.5944,63.73,11.30,29.03,282.91,"1,14,57,000","1,55,06,700",1025.19,"98,02,11,300","1,07,58,23,850",15.63,19.17,-,-7.32,-2.75,34.80,36.26,34.80,34.90,24750,-3654750,-775050,18.40,18.50,49.10,18.40,-161.80,-89.79,-,-,18.40,"71,55,64,875","69,88,16,400",,"1,18,51,950","1,06,81,950",912.99,28.16,10.14,56.27,-0.4027,0.0061,-12.3513,0.8773,0.76,0.93,0.67,05-Jun-2025 14:45:59,Bullish,SB
14:46,SB,Bearish,05-Jun-2025 14:45:59,0.8187,-13.8766,0.0047,0.3280,83.24,15.40,33.90,155.77,"1,44,66,675","2,37,53,700",665.75,"1,05,35,16,225","1,21,17,61,050",-,16.50,-,-42.61,-12.25,16.50,29.37,16.45,16.55,24800,-15265875,-8004150,49.00,49.15,73.32,49.00,-171.05,-77.73,-,34.37,14.63,"48,99,57,000","46,69,80,600",,"84,87,825","64,62,525",319.09,31.60,13.13,71.09,-0.6837,0.0050,-12.7411,0.8065,0.36,0.45,0.40,05-Jun-2025 14:45:59,Bullish,SB
14:46,SB,Bearish,05-Jun-2025 14:45:59,0.5346,-9.6711,0.0029,0.1526,89.52,17.09,36.18,308.57,"1,02,90,300","1,36,25,175",954.69,"69,57,12,375","76,85,85,750",-,6.50,-,-69.77,-15.00,6.50,22.44,6.45,6.50,24850,-11222550,-8496825,91.40,91.70,97.34,91.50,-173.95,-65.53,-,84.37,7.13,"16,73,73,525","16,46,23,425",,"24,02,625","17,93,475",294.42,37.34,17.47,87.92,-0.8397,0.0029,-10.3080,0.5521,0.18,0.17,0.22,05-Jun-2025 14:45:59,Bullish,SB
15:16,SC,Bullish,05-Jun-2025 15:15:59,0.0000,0.0000,0.0000,0.0000,0.00,,0.00,-50.87,"-23,71,500","22,90,200",96.46,"16,58,29,575","33,77,48,625",94.10,-0.35,-,49.88,31.20,93.75,84.80,93.75,94.00,24650,6877650,9553800,0.10,0.15,14.26,0.15,-104.45,-99.86,-,-,0.15,"1,00,87,45,200","90,85,81,650",907.10,"91,67,850","71,82,300",361.73,32.08,16.09,100.63,-0.0107,0.0007,-0.5801,0.0362,4.00,-3.03,2.99,05-Jun-2025 15:15:59,Bullish,SB
15:16,SB,Bearish,05-Jun-2025 15:15:59,0.0459,-0.3615,0.0018,0.9859,-6.91,-1.17,15.75,26.98,"24,11,250","1,13,46,900",430.77,"88,30,31,400","1,08,80,21,625",44.10,0.10,-,-9.7,-4.75,44.20,55.96,44.20,44.30,24700,13060650,17930325,0.35,0.40,23.28,0.35,-139.65,-99.75,-,-,0.35,"1,63,89,41,400","1,56,34,35,450",,"2,44,07,550","2,03,41,575",500.29,19.19,2.34,13.89,-0.0359,0.0032,-0.9677,0.1008,2.15,8.44,1.51,05-Jun-2025 15:15:59,Bullish,SB
15:16,SB,Bearish,05-Jun-2025 15:15:59,0.3867,-1.1986,0.0382,0.2284,-65.03,-11.53,6.20,938.90,"3,80,22,600","4,20,72,300",1638.34,"1,56,64,59,750","1,66,20,72,300",-,1.05,-,-97.2,-36.50,1.05,26.09,1.00,1.05,24750,-23502825,-20623125,6.90,6.95,37.21,6.90,-173.30,-96.17,-,5.90,1.00,"1,07,72,63,475","1,06,05,15,000",,"1,85,69,475","1,73,99,475","1,487.13",6.07,-11.95,-66.32,-0.7764,0.0385,-1.1595,0.3821,0.44,0.46,0.65,05-Jun-2025 15:15:59,Bullish,SB
15:16,SB,Bearish,05-Jun-2025 15:15:59,0.0714,-0.7860,0.0020,0.0237,19.08,3.53,22.03,140.41,"1,30,40,175","2,23,27,200",849.55,"1,34,43,75,075","1,50,26,19,900",-,0.25,-,-99.13,-28.50,0.25,24.71,0.20,0.25,24800,-15611775,-8350050,56.50,56.65,70.65,56.70,-163.35,-74.23,-,55.90,0.80,"56,61,74,325","54,31,97,925",,"67,15,425","46,90,125",231.58,27.23,8.76,47.43,-0.9457,0.0032,-1.9162,0.1408,0.30,0.36,0.38,05-Jun-2025 15:15:59,Bullish,SB
15:16,SB,Bearish,05-Jun-2025 15:15:59,0.0335,-0.5929,0.0006,0.0098,85.54,16.33,35.42,232.31,"77,47,275","1,10,82,150",1151.49,"83,91,28,425","91,20,01,800",-,0.15,-,-99.3,-21.35,0.15,19.28,0.15,0.20,24850,-8845725,-6120000,106.30,106.55,97.38,106.55,-158.90,-59.86,-,105.90,0.65,"18,13,35,375","17,85,85,275",,"22,36,425","16,27,275",267.14,43.92,24.05,121.04,-0.9701,0.0012,-1.9061,0.0868,0.20,0.21,0.20,05-Jun-2025 15:15:59,Bullish,SB
